<Environment>
	<camtrans>0.980986 -1.233453 2.412977</camtrans>

	<camrotationaxis>-0.946522 -0.231893 0.224324 122.297980</camrotationaxis>
	
	<Robot file = 'robots/robot0.xml' name = 'robo'> 
		<translation>-0.5 2.5 0</translation>
	</Robot>	

	<KinBody name = 'floorwalls'>
		<Body type = 'static'>
			<Translation>0 0 0</Translation>

			<!-- floor and world walls -->
			<Geom type = 'box'>
			<extents>2.5 2.5 0.005</extents>
			<translation>0 0 -0.005</translation>
			<diffuseColor>1.75 1.75 1.75</diffuseColor>
		  	<ambientColor>0.6 0.6 0.6</ambientColor>
			</Geom>

			<Geom type = 'box'>
			<extents>2.5 0.01 0.2</extents>
			<translation>0 -2.5 0.2</translation>
			<diffuseColor>1.75 1.75 1.75</diffuseColor>
		  	<ambientColor>0.6 0.6 0.6</ambientColor>
			</Geom>

			<Geom type='box'>
			<extents>2.5 0.01 0.2</extents>
			<translation>0 2.5 0.2</translation>
			<diffuseColor>1.75 1.75 1.75</diffuseColor>
		  	<ambientColor>0.6 0.6 0.6</ambientColor>
			</Geom>

			<Geom type = 'box'>
			<extents>0.01 2.5 0.2</extents>
			<translation>2.5 0 0.2</translation>
			<diffuseColor>1.75 1.75 1.75</diffuseColor>
		  	<ambientColor>0.6 0.6 0.6</ambientColor>
			</Geom>

			<Geom type = 'box'>
			<extents>0.01 2.5 0.2</extents>
			<translation>-2.5 0 0.2</translation>
			<diffuseColor>1.75 1.75 1.75</diffuseColor>
		  	<ambientColor>0.6 0.6 0.6</ambientColor>
			</Geom>


			<!-- long middle wall -->
			<Geom type = 'box'>
			<translation>0 1.55 0.2</translation>
			<rotationaxis>0 0 1 -20</rotationaxis>
			<extents>0.1 0.5 0.2</extents>
			<diffuseColor>1 0 0</diffuseColor>
			<ambientColor>0.6 0.6 0.6</ambientColor>
			</Geom>

			<Geom type = 'box'>
			<translation>0 0.75 0.2</translation>
			<rotationaxis>0 0 1 20</rotationaxis>
			<extents>0.1 0.5 0.2</extents>
			<diffuseColor>1 0 0</diffuseColor>
			<ambientColor>0.6 0.6 0.6</ambientColor>
			</Geom>

			<Geom type = 'box'>
			<translation>0 0 0.2</translation>
			<rotationaxis>0 0 1 -20</rotationaxis>
			<extents>0.1 0.5 0.2</extents>
			<diffuseColor>1 0 0</diffuseColor>
			<ambientColor>0.6 0.6 0.6</ambientColor>
			</Geom>
			
			<Geom type = 'box'>
			<translation>0 -0.75 0.2</translation>
			<rotationaxis>0 0 1 20</rotationaxis>
			<extents>0.1 0.5 0.2</extents>
			<diffuseColor>1 0 0</diffuseColor>
			<ambientColor>0.6 0.6 0.6</ambientColor>
			</Geom>

			<Geom type = 'box'>
			<translation>0 -1.55 0.2</translation>
			<rotationaxis>0 0 1 -20</rotationaxis>
			<extents>0.1 0.5 0.2</extents>
			<diffuseColor>1 0 0</diffuseColor>
			<ambientColor>0.6 0.6 0.6</ambientColor>
			</Geom>


			<!-- long left wall p1 -->
			<Geom type = 'box'>
			<translation>-2.1 1.6 0.2</translation>
			<extents>0.05 0.5 0.2</extents>
			<diffuseColor>1 0 0</diffuseColor>
			<ambientColor>0.6 0.6 0.6</ambientColor>
			</Geom>

			<!-- long left wall p2 -->
			<Geom type = 'box'>
			<translation>-2.1 -0.6 0.2</translation>
			<extents>0.05 1.45 0.2</extents>
			<diffuseColor>1 0 0</diffuseColor>
			<ambientColor>0.6 0.6 0.6</ambientColor>
			</Geom>

			<!-- short left top wall -->
			<Geom type = 'box'>
			<translation>-1.85 1.2 0.2</translation>
			<rotationaxis>0 0 1 20</rotationaxis>
			<extents>0.2 0.05 0.2</extents>
			<diffuseColor>1 0 0</diffuseColor>
			<ambientColor>0.6 0.6 0.6</ambientColor>
			</Geom>			

			<Geom type = 'box'>
			<translation>-1.45 1.2 0.2</translation>
			<rotationaxis>0 0 1 -20</rotationaxis>
			<extents>0.2 0.05 0.2</extents>
			<diffuseColor>1 0 0</diffuseColor>
			<ambientColor>0.6 0.6 0.6</ambientColor>
			</Geom>			


			<!-- short left bottom wall -->
			<Geom type = 'box'>
			<translation>-1.85 0.75 0.2</translation>
			<rotationaxis>0 0 1 -20</rotationaxis>
			<extents>0.2 0.05 0.2</extents>
			<diffuseColor>1 0 0</diffuseColor>
			<ambientColor>0.6 0.6 0.6</ambientColor>
			</Geom>

			<Geom type = 'box'>
			<translation>-1.45 0.75 0.2</translation>
			<rotationaxis>0 0 1 20</rotationaxis>
			<extents>0.2 0.05 0.2</extents>
			<diffuseColor>1 0 0</diffuseColor>
			<ambientColor>0.6 0.6 0.6</ambientColor>
			</Geom>


			<!-- long right wall p1 -->
			<Geom type = 'box'>
			<translation>2.1 1.6 0.2</translation>
			<extents>0.05 0.5 0.2</extents>
			<diffuseColor>1 0 0</diffuseColor>
			<ambientColor>0.6 0.6 0.6</ambientColor>
			</Geom>

			<!-- long right wall p2 -->
			<Geom type = 'box'>
			<translation>2.1 -0.6 0.2</translation>
			<extents>0.05 1.45 0.2</extents>
			<diffuseColor>1 0 0</diffuseColor>
			<ambientColor>0.6 0.6 0.6</ambientColor>
			</Geom>

			<!-- short right top wall -->
			<Geom type = 'box'>
			<translation>1.85 1.2 0.2</translation>
			<rotationaxis>0 0 1 -20</rotationaxis>
			<extents>0.2 0.05 0.2</extents>
			<diffuseColor>1 0 0</diffuseColor>
			<ambientColor>0.6 0.6 0.6</ambientColor>
			</Geom>			

			<Geom type = 'box'>
			<translation>1.45 1.2 0.2</translation>
			<rotationaxis>0 0 1 20</rotationaxis>
			<extents>0.2 0.05 0.2</extents>
			<diffuseColor>1 0 0</diffuseColor>
			<ambientColor>0.6 0.6 0.6</ambientColor>
			</Geom>	


			<!-- short right bottom wall -->
			<Geom type = 'box'>
			<translation>1.85 0.75 0.2</translation>
			<rotationaxis>0 0 1 20</rotationaxis>
			<extents>0.2 0.05 0.2</extents>
			<diffuseColor>1 0 0</diffuseColor>
			<ambientColor>0.6 0.6 0.6</ambientColor>
			</Geom>

			<Geom type = 'box'>
			<translation>1.45 0.75 0.2</translation>
			<rotationaxis>0 0 1 -20</rotationaxis>
			<extents>0.2 0.05 0.2</extents>
			<diffuseColor>1 0 0</diffuseColor>
			<ambientColor>0.6 0.6 0.6</ambientColor>
			</Geom>

			<!-- long top wall -->
			<Geom type = 'box'>
			<translation>0 2.1 0.2</translation>
			<extents>2.15 0.05 0.2</extents>
			<diffuseColor>1 0 0</diffuseColor>
			<ambientColor>0.6 0.6 0.6</ambientColor>
			</Geom>

			<!-- long top wall -->
			<Geom type = 'box'>
			<translation>0 -2.1 0.2</translation>
			<extents>2.15 0.05 0.2</extents>
			<diffuseColor>1 0 0</diffuseColor>
			<ambientColor>0.6 0.6 0.6</ambientColor>
			</Geom>
		</Body>
	</KinBody>
</Environment>











