<Environment>
	<camtrans>0.980986 -1.233453 2.412977</camtrans>

	<camrotationaxis>-0.946522 -0.231893 0.224324 122.297980</camrotationaxis>
	
	<Robot file="robots/barrettsegway.robot.xml" name="BarrettWAM">
    	<translation>-1.19361 -1.65621 0.01</translation>
    	<jointvalues>0.0205585116 0.593383701 -0.114082917 2.03588441 0 0.518159381 3 0.72400001 1.10700002 1.06900002 0</jointvalues>
  	</Robot>

	<KinBody name = 'floorwalls'>
		<Body type = 'static'>
			<Translation>0 0 0</Translation>

			<!-- outer floor and world walls -->
			<Geom type="box">
	        <extents>4.0 4.0 0.005</extents>
	        <translation>0 0 -0.005</translation>
	        <diffuseColor>1 1 1</diffuseColor>
	      	<ambientColor>0.6 0.6 0.6</ambientColor>
	        </Geom>
		    <Geom type="box">
	        <extents>4.0 0.01 1</extents>
	        <translation>0 -4.0 1</translation>
	        <diffuseColor>.6 .6 .6</diffuseColor>
	      	<ambientColor>0.6 0.6 0.6</ambientColor>
		    </Geom>
		    <Geom type="box">
	        <extents>4.0 0.01 1</extents>
	        <translation>0 4.0 1</translation>
	        <diffuseColor>.6 .6 .6</diffuseColor>
	      	<ambientColor>0.6 0.6 0.6</ambientColor>
		    </Geom>
		    <Geom type="box">
	        <extents>0.01 4.0 1</extents>
	        <translation>4.0 0 1</translation>
	        <diffuseColor>.6 .6 .6</diffuseColor>
	      	<ambientColor>0.6 0.6 0.6</ambientColor>
		    </Geom>
		    <Geom type="box">
	        <extents>0.01 4.0 1</extents>
	        <translation>-4.0 0 1</translation>
	        <diffuseColor>.6 .6 .6</diffuseColor>
	      	<ambientColor>0.6 0.6 0.6</ambientColor>
		    </Geom>

			<!-- long middle wall -->
			<Geom type = 'box'>
			<translation>0 0 1</translation>
			<extents>0.05 2.1 1</extents>
			<diffuseColor>.6 .6 .6</diffuseColor>
			<ambientColor>0.6 0.6 0.6</ambientColor>
			</Geom>

			<!-- long left wall p1 -->
			<Geom type = 'box'>
			<translation>-2.1 1.6 1</translation>
			<extents>0.05 0.5 1</extents>
			<diffuseColor>.6 .6 .6</diffuseColor>
			<ambientColor>0.6 0.6 0.6</ambientColor>
			</Geom>

			<!-- long left wall p2 -->
			<Geom type = 'box'>
			<translation>-2.1 -0.85 1</translation>
			<extents>0.05 1.20 1</extents>
			<diffuseColor>.6 .6 .6</diffuseColor>
			<ambientColor>0.6 0.6 0.6</ambientColor>
			</Geom>

			<!-- short left top wall -->
			<Geom type = 'box'>
			<translation>-1.65 1.15 1</translation>
			<extents>0.4 0.05 1</extents>
			<diffuseColor>.6 .6 .6</diffuseColor>
			<ambientColor>0.6 0.6 0.6</ambientColor>
			</Geom>

			<!-- short left bottom wall -->
			<Geom type = 'box'>
			<translation>-1.65 0.3 1</translation>
			<extents>0.4 0.05 1</extents>
			<diffuseColor>.6 .6 .6</diffuseColor>
			<ambientColor>0.6 0.6 0.6</ambientColor>
			</Geom>

			<!-- long right wall p1 -->
			<Geom type = 'box'>
			<translation>2.1 1.6 1</translation>
			<extents>0.05 0.5 1</extents>
			<diffuseColor>.6 .6 .6</diffuseColor>
			<ambientColor>0.6 0.6 0.6</ambientColor>
			</Geom>

			<!-- long right wall p2 -->
			<Geom type = 'box'>
			<translation>2.1 -0.85 1</translation>
			<extents>0.05 1.20 1</extents>
			<diffuseColor>.6 .6 .6</diffuseColor>
			<ambientColor>0.6 0.6 0.6</ambientColor>
			</Geom>

			<!-- short right top wall -->
			<Geom type = 'box'>
			<translation>1.65 1.15 1</translation>
			<extents>0.4 0.05 1</extents>
			<diffuseColor>.6 .6 .6</diffuseColor>
			<ambientColor>0.6 0.6 0.6</ambientColor>
			</Geom>

			<!-- short right bottom wall -->
			<Geom type = 'box'>
			<translation>1.65 0.3 1</translation>
			<extents>0.4 0.05 1</extents>
			<diffuseColor>.6 .6 .6</diffuseColor>
			<ambientColor>0.6 0.6 0.6</ambientColor>
			</Geom>

			<!-- long top wall -->
			<Geom type = 'box'>
			<translation>0 2.1 1</translation>
			<extents>2.15 0.05 1</extents>
			<diffuseColor>.6 .6 .6</diffuseColor>
			<ambientColor>0.6 0.6 0.6</ambientColor>
			</Geom>

			<!-- bottom top wall -->
			<Geom type = 'box'>
			<translation>0 -2.1 1</translation>
			<extents>2.15 0.05 1</extents>
			<diffuseColor>.6 .6 .6</diffuseColor>
			<ambientColor>0.6 0.6 0.6</ambientColor>
			</Geom>
		</Body>
	</KinBody>

	<KinBody file="data/segway.kinbody.xml">
	  <Translation>-0.38873   -1.73370    0.755</Translation>
	</KinBody>
	<KinBody name="mug1" file="data/mug1.kinbody.xml">
	  <Translation> -0.40357 -1.70829 0.7550</Translation>
	</KinBody>
	<KinBody name="mug2" file="data/mug1.kinbody.xml">
	  <Translation>-0.44068   -1.52581    0.7550</Translation>
	</KinBody>
  <KinBody name="mug3" file="data/mug1.kinbody.xml">
    <Translation>-0.25085  -1.79464    0.7550</Translation>
  </KinBody>
  <KinBody name="mug4" file="data/mug1.kinbody.xml">
    <Translation>-0.42735   -1.87485    0.7550</Translation>
  </KinBody>
  <KinBody name="mug5" file="data/mug1.kinbody.xml">
    <Translation>-0.25427   -1.60445    0.7550</Translation>
  </KinBody>
  <KinBody name="mug6" file="data/mug1.kinbody.xml">
    <Translation>-0.58375   -1.69261    1</Translation>
  </KinBody>

  <KinBody name="dishwasher_table" file="data/table_washer.kinbody.xml">
    <Translation>1.051 -1.69473 0.7479</Translation>
  </KinBody>

</Environment>











