<Environment>
	<camtrans>0.980986 -1.233453 2.412977</camtrans>

	<camrotationaxis>-0.946522 -0.231893 0.224324 122.297980</camrotationaxis>
	
	<Robot file = 'robots/robot0.xml' name = 'robo'> 
		<Translation>0 2.09 0</Translation>
	</Robot>	

	<KinBody name = 'floorwalls'>
		<Body type = 'static'>
			<Translation>0 0 0</Translation>

			<!-- floor and world walls -->
			<Geom type = 'box'>
			<extents>2.5 2.5 0.005</extents>
			<translation>0 0 -0.005</translation>
			<diffuseColor>1.75 1.75 1.75</diffuseColor>
		  	<ambientColor>0.6 0.6 0.6</ambientColor>
			</Geom>

			<Geom type = 'box'>
			<extents>2.5 0.01 0.2</extents>
			<translation>0 -2.5 0.2</translation>
			<diffuseColor>1.75 1.75 1.75</diffuseColor>
		  	<ambientColor>0.6 0.6 0.6</ambientColor>
			</Geom>

			<Geom type='box'>
			<extents>2.5 0.01 0.2</extents>
			<translation>0 2.5 0.2</translation>
			<diffuseColor>1.75 1.75 1.75</diffuseColor>
		  	<ambientColor>0.6 0.6 0.6</ambientColor>
			</Geom>

			<Geom type = 'box'>
			<extents>0.01 2.5 0.2</extents>
			<translation>2.5 0 0.2</translation>
			<diffuseColor>1.75 1.75 1.75</diffuseColor>
		  	<ambientColor>0.6 0.6 0.6</ambientColor>
			</Geom>

			<Geom type = 'box'>
			<extents>0.01 2.5 0.2</extents>
			<translation>-2.5 0 0.2</translation>
			<diffuseColor>1.75 1.75 1.75</diffuseColor>
		  	<ambientColor>0.6 0.6 0.6</ambientColor>
			</Geom>


			<!-- modified top t top p1 -->
			<Geom type = 'box'>
			<rotationaxis>0 0 1 20</rotationaxis>
			<translation>-1 1 0.2</translation>
			<extents>0.5 0.2 0.2</extents>
			<diffuseColor>1 0 0</diffuseColor>
			<ambientColor>0.6 0.6 0.6</ambientColor>
			</Geom>

			<!-- modified top t top p2 -->
			<Geom type = 'box'>
			<rotationaxis>0 0 1 -20</rotationaxis>
			<translation>0 1 0.2</translation>
			<extents>0.5 0.2 0.2</extents>
			<diffuseColor>1 0 0</diffuseColor>
			<ambientColor>0.6 0.6 0.6</ambientColor>
			</Geom>

			<!-- modified top t top p3 -->
			<Geom type = 'box'>
			<rotationaxis>0 0 1 -20</rotationaxis>
			<translation>1 1 0.2</translation>
			<extents>0.5 0.2 0.2</extents>
			<diffuseColor>1 0 0</diffuseColor>
			<ambientColor>0.6 0.6 0.6</ambientColor>
			</Geom>

			<!-- top wall p1 -->
			<Geom type = 'box'>
			<rotationaxis>0 0 1 20</rotationaxis>
			<translation>0 2.05 0.2</translation>
			<extents>0.1 0.45 0.2</extents>
			<diffuseColor>1 0 0</diffuseColor>
			<ambientColor>0.6 0.6 0.6</ambientColor>
			</Geom>

			<!-- top wall p2 -->
			<Geom type = 'box'>
			<rotationaxis>0 0 1 -20</rotationaxis>
			<translation>0 1.6 0.2</translation>
			<extents>0.1 0.45 0.2</extents>
			<diffuseColor>1 0 0</diffuseColor>
			<ambientColor>0.6 0.6 0.6</ambientColor>
			</Geom>

			<!-- bottom t top p1 -->
			<Geom type = 'box'>
			<rotationaxis>0 0 1 -10</rotationaxis>
			<translation>-1 0.1 0.2</translation>
			<extents>0.5 0.2 0.2</extents>
			<diffuseColor>1 0 0</diffuseColor>
			<ambientColor>0.6 0.6 0.6</ambientColor>
			</Geom>

			<!-- bottom t top p2 -->
			<Geom type = 'box'>
			<rotationaxis>0 0 1 -20</rotationaxis>
			<translation>0 0.1 0.2</translation>
			<extents>0.5 0.2 0.2</extents>
			<diffuseColor>1 0 0</diffuseColor>
			<ambientColor>0.6 0.6 0.6</ambientColor>
			</Geom>

			<!-- bottom t top p3 -->
			<Geom type = 'box'>
			<rotationaxis>0 0 1 10</rotationaxis>
			<translation>1 0.1 0.2</translation>
			<extents>0.5 0.2 0.2</extents>
			<diffuseColor>1 0 0</diffuseColor>
			<ambientColor>0.6 0.6 0.6</ambientColor>
			</Geom>

			<!-- bottom wall p1 -->
			<Geom type = 'box'>
			<rotationaxis>0 0 1 -20</rotationaxis>
			<translation>0 -0.65 0.2</translation>
			<extents>0.1 0.5 0.2</extents>
			<diffuseColor>1 0 0</diffuseColor>
			<ambientColor>0.6 0.6 0.6</ambientColor>
			</Geom>

			<!-- bottom wall p2 -->
			<Geom type = 'box'>
			<rotationaxis>0 0 1 40</rotationaxis>
			<translation>0 -1.2 0.2</translation>
			<extents>0.1 0.5 0.2</extents>
			<diffuseColor>1 0 0</diffuseColor>
			<ambientColor>0.6 0.6 0.6</ambientColor>
			</Geom>

			<!-- bottom wall p3-->
			<Geom type = 'box'>
			<rotationaxis>0 0 1 -20</rotationaxis>
			<translation>0 -2 0.2</translation>
			<extents>0.1 0.5 0.2</extents>
			<diffuseColor>1 0 0</diffuseColor>
			<ambientColor>0.6 0.6 0.6</ambientColor>
			</Geom>
		</Body>
	</KinBody>
</Environment>











