<Robot>
	<KinBody name='lspahed'>
		<Body name='short' type='dynamic'>
			<Translation>2 -2 0.06</Translation>

			<Geom type='box'>
				<rotationaxis>1 0 0 90</rotationaxis>
				<extents>0.05 0.05 0.05</extents>
				<diffuseColor>0.45 0.45 0.45</diffuseColor>
			</Geom>
		</Body>>
		<Body name='long' type='dynamic'>
			<Translation>1.9 -1.9 0.06</Translation>

			<Geom type='box'>
				<rotationaxis>0 0 1 90</rotationaxis>
				<extents>0.15 0.05 0.05</extents>
				<diffuseColor>0.45 0.45 0.45</diffuseColor>
			</Geom>
		</Body>
	</KinBody>
</Robot>
