<Environment>
	<camtrans>0.980986 -1.233453 2.412977</camtrans>

	<camrotationaxis>-0.946522 -0.231893 0.224324 122.297980</camrotationaxis>

	<Robot file = 'robots/robot1.xml' name = 'bot'>
		<Translation>0 0 -0.30128</Translation>
		<jointvalues>1.6 -1.85 0</jointvalues>
	</Robot>	

	<KinBody name = 'floorwalls'>
		<Body type = 'static'>
			<Translation>0 0 0</Translation>

			<!-- floor and world walls -->
			<Geom type = 'box'>
			<extents>2.5 2.5 0.005</extents>
			<translation>0 0 -0.005</translation>
			<diffuseColor>1.75 1.75 1.75</diffuseColor>
		  	<ambientColor>0.6 0.6 0.6</ambientColor>
			</Geom>

			<Geom type = 'box'>
			<extents>2.5 0.01 0.2</extents>
			<translation>0 -2.5 0.2</translation>
			<diffuseColor>1.75 1.75 1.75</diffuseColor>
		  	<ambientColor>0.6 0.6 0.6</ambientColor>
			</Geom>

			<Geom type='box'>
			<extents>2.5 0.01 0.2</extents>
			<translation>0 2.5 0.2</translation>
			<diffuseColor>1.75 1.75 1.75</diffuseColor>
		  	<ambientColor>0.6 0.6 0.6</ambientColor>
			</Geom>

			<Geom type = 'box'>
			<extents>0.01 2.5 0.2</extents>
			<translation>2.5 0 0.2</translation>
			<diffuseColor>1.75 1.75 1.75</diffuseColor>
		  	<ambientColor>0.6 0.6 0.6</ambientColor>
			</Geom>

			<Geom type = 'box'>
			<extents>0.01 2.5 0.2</extents>
			<translation>-2.5 0 0.2</translation>
			<diffuseColor>1.75 1.75 1.75</diffuseColor>
		  	<ambientColor>0.6 0.6 0.6</ambientColor>
			</Geom>

			<!-- row 0, col 0 -->
			<Geom type = 'box'>
			<extents>0.4 0.25 0.2</extents>
			<translation>-2.1 1.25 0.2</translation>
			<diffuseColor>1 0 0</diffuseColor>
		  	<ambientColor>0.6 0.6 0.6</ambientColor>
			</Geom>

			<!-- row 0, col 1 -->
			<Geom type = 'box'>
			<extents>0.4 0.25 0.2</extents>
			<translation>-0.7 1.25 0.2</translation>
			<diffuseColor>1 0 0</diffuseColor>
		  	<ambientColor>0.6 0.6 0.6</ambientColor>
			</Geom>

			<!-- row 0, col 2 -->
			<Geom type = 'box'>
			<extents>0.4 0.25 0.2</extents>
			<translation>0.7 1.25 0.2</translation>
			<diffuseColor>1 0 0</diffuseColor>
		  	<ambientColor>0.6 0.6 0.6</ambientColor>
			</Geom>


			<!-- row 0, col 3 -->
			<Geom type = 'box'>
			<extents>0.4 0.25 0.2</extents>
			<translation>2.1 1.25 0.2</translation>
			<diffuseColor>1 0 0</diffuseColor>
		  	<ambientColor>0.6 0.6 0.6</ambientColor>
			</Geom>

			<!-- row 1, col 0 -->
			<Geom type = 'box'>
			<extents>0.4 0.25 0.2</extents>
			<translation>-1.6 0.4 0.2</translation>
			<diffuseColor>1 0 0</diffuseColor>
		  	<ambientColor>0.6 0.6 0.6</ambientColor>
			</Geom>

			<!-- row 1, col 1 -->
			<Geom type = 'box'>
			<extents>0.4 0.25 0.2</extents>
			<translation>-0.025 0.4 0.2</translation>
			<diffuseColor>1 0 0</diffuseColor>
		  	<ambientColor>0.6 0.6 0.6</ambientColor>
			</Geom>

			<!-- row 1, col 2 -->
			<Geom type = 'box'>
			<extents>0.4 0.25 0.2</extents>
			<translation>1.55 0.4 0.2</translation>
			<diffuseColor>1 0 0</diffuseColor>
		  	<ambientColor>0.6 0.6 0.6</ambientColor>
			</Geom>

			<!-- row 2, col 0 -->
			<Geom type = 'box'>
			<extents>0.4 0.25 0.2</extents>
			<translation>-2.1 -0.45 0.2</translation>
			<diffuseColor>1 0 0</diffuseColor>
		  	<ambientColor>0.6 0.6 0.6</ambientColor>
			</Geom>

			<!-- row 2, col 1 -->
			<Geom type = 'box'>
			<extents>0.4 0.25 0.2</extents>
			<translation>-0.7 -0.45 0.2</translation>
			<diffuseColor>1 0 0</diffuseColor>
		  	<ambientColor>0.6 0.6 0.6</ambientColor>
			</Geom>

			<!-- row 2, col 2 -->
			<Geom type = 'box'>
			<extents>0.4 0.25 0.2</extents>
			<translation>0.7 -0.45 0.2</translation>
			<diffuseColor>1 0 0</diffuseColor>
		  	<ambientColor>0.6 0.6 0.6</ambientColor>
			</Geom>

			<!-- row 2, col 3 -->
			<Geom type = 'box'>
			<extents>0.4 0.25 0.2</extents>
			<translation>2.1 -0.45 0.2</translation>
			<diffuseColor>1 0 0</diffuseColor>
		  	<ambientColor>0.6 0.6 0.6</ambientColor>
			</Geom>

			<!-- row 3, col 0 -->
			<Geom type = 'box'>
			<extents>0.4 0.25 0.2</extents>
			<translation>-1.6 -1.3 0.2</translation>
			<diffuseColor>1 0 0</diffuseColor>
		  	<ambientColor>0.6 0.6 0.6</ambientColor>
			</Geom>

			<!-- row 3, col 1 -->
			<Geom type = 'box'>
			<extents>0.4 0.25 0.2</extents>
			<translation>-0.025 -1.3 0.2</translation>
			<diffuseColor>1 0 0</diffuseColor>
		  	<ambientColor>0.6 0.6 0.6</ambientColor>
			</Geom>

			<!-- row 3, col 2 -->
			<Geom type = 'box'>
			<extents>0.4 0.25 0.2</extents>
			<translation>1.55 -1.3 0.2</translation>
			<diffuseColor>1 0 0</diffuseColor>
		  	<ambientColor>0.6 0.6 0.6</ambientColor>
			</Geom>
		</Body>
	</KinBody>
</Environment>