<Environment>
	<camtrans>0.980986 -1.233453 2.412977</camtrans>

	<camrotationaxis>-0.946522 -0.231893 0.224324 122.297980</camrotationaxis>
<!--	
	<Robot file = 'robots/robot1.xml' name = 'bot'>
		<translation>0 0 -0.30128</translation> 
		<jointvalues>1.5 0.59 0</jointvalues>
	</Robot>
-->
	<Robot file = 'robots/robot0.xml' name = 'bot'> </Robot>	

	<KinBody name = 'floorwalls'>
		<Body type = 'static'>
			<Translation>0 0 0</Translation>

			<!-- floor and world walls -->
			<Geom type = 'box'>
			<extents>2.5 2.5 0.005</extents>
			<translation>0 0 -0.005</translation>
			<diffuseColor>1.75 1.75 1.75</diffuseColor>
		  	<ambientColor>0.6 0.6 0.6</ambientColor>
			</Geom>

			<Geom type = 'box'>
			<extents>2.5 0.01 0.2</extents>
			<translation>0 -2.5 0.2</translation>
			<diffuseColor>1.75 1.75 1.75</diffuseColor>
		  	<ambientColor>0.6 0.6 0.6</ambientColor>
			</Geom>

			<Geom type='box'>
			<extents>2.5 0.01 0.2</extents>
			<translation>0 2.5 0.2</translation>
			<diffuseColor>1.75 1.75 1.75</diffuseColor>
		  	<ambientColor>0.6 0.6 0.6</ambientColor>
			</Geom>

			<Geom type = 'box'>
			<extents>0.01 2.5 0.2</extents>
			<translation>2.5 0 0.2</translation>
			<diffuseColor>1.75 1.75 1.75</diffuseColor>
		  	<ambientColor>0.6 0.6 0.6</ambientColor>
			</Geom>

			<Geom type = 'box'>
			<extents>0.01 2.5 0.2</extents>
			<translation>-2.5 0 0.2</translation>
			<diffuseColor>1.75 1.75 1.75</diffuseColor>
		  	<ambientColor>0.6 0.6 0.6</ambientColor>
			</Geom>

			<!-- long skinny wall -->
			<Geom type = 'box'>
			<translation>0 -1.06 0.2</translation>
			<extents>0.05 1.45 0.2</extents>
			<diffuseColor>1 0 0</diffuseColor>
			<ambientColor>0.6 0.6 0.6</ambientColor>
			</Geom>

			<!-- top t top -->
			<Geom type = 'box'>
			<translation>0 0.75 0.2</translation>
			<extents>1.5 0.05 0.2</extents>
			<diffuseColor>1 0 0</diffuseColor>
			<ambientColor>0.6 0.6 0.6</ambientColor>
			</Geom>

			<!-- bottom t top -->
			<Geom type = 'box'>
			<translation>0 0.425 0.2</translation>
			<extents>1.5 0.05 0.2</extents>
			<diffuseColor>1 0 0</diffuseColor>
			<ambientColor>0.6 0.6 0.6</ambientColor>
			</Geom>

			<!-- short skinny wall -->
			<Geom type = 'box'>
			<translation>0 1.6 0.2</translation>
			<extents>0.05 0.9 0.2</extents>
			<diffuseColor>1 0 0</diffuseColor>
			<ambientColor>0.6 0.6 0.6</ambientColor>
			</Geom>
		</Body>
	</KinBody>
</Environment>











