<Environment>
	<camtrans>0.980986 -1.233453 2.412977</camtrans>

	<camrotationaxis>-0.946522 -0.231893 0.224324 122.297980</camrotationaxis>
	
	<Robot file = 'robots/robot0.xml' name = 'robo'> </Robot>	

	<KinBody name = 'floorwalls'>
		<Body type = 'static'>
			<Translation>0 0 0</Translation>

			<!-- floor and world walls -->
			<Geom type = 'box'>
			<extents>2.5 2.5 0.005</extents>
			<translation>0 0 -0.005</translation>
			<diffuseColor>1.75 1.75 1.75</diffuseColor>
		  	<ambientColor>0.6 0.6 0.6</ambientColor>
			</Geom>

			<Geom type = 'box'>
			<extents>2.5 0.01 0.2</extents>
			<translation>0 -2.5 0.2</translation>
			<diffuseColor>1.75 1.75 1.75</diffuseColor>
		  	<ambientColor>0.6 0.6 0.6</ambientColor>
			</Geom>

			<Geom type='box'>
			<extents>2.5 0.01 0.2</extents>
			<translation>0 2.5 0.2</translation>
			<diffuseColor>1.75 1.75 1.75</diffuseColor>
		  	<ambientColor>0.6 0.6 0.6</ambientColor>
			</Geom>

			<Geom type = 'box'>
			<extents>0.01 2.5 0.2</extents>
			<translation>2.5 0 0.2</translation>
			<diffuseColor>1.75 1.75 1.75</diffuseColor>
		  	<ambientColor>0.6 0.6 0.6</ambientColor>
			</Geom>

			<Geom type = 'box'>
			<extents>0.01 2.5 0.2</extents>
			<translation>-2.5 0 0.2</translation>
			<diffuseColor>1.75 1.75 1.75</diffuseColor>
		  	<ambientColor>0.6 0.6 0.6</ambientColor>
			</Geom>


			<!-- upper t top -->
			<Geom type = 'box'>
			<extents>2 0.15 0.2</extents>
			<translation>0 1.75 0.2</translation>
			<diffuseColor>1 0 0</diffuseColor>
		  	<ambientColor>0.6 0.6 0.6</ambientColor>
			</Geom>

			<!-- t stem p1 -->
			<Geom type = 'box'>
			<extents>0.15 0.4 0.2</extents>
			<translation>0 1.2 0.2</translation>
			<diffuseColor>1 0 0</diffuseColor>
		  	<ambientColor>0.6 0.6 0.6</ambientColor>
			</Geom>

			<!-- t stem p2 -->
			<Geom type = 'box'>
			<extents>0.15 0.5 0.2</extents>
			<translation>0 0.05 0.2</translation>
			<diffuseColor>1 0 0</diffuseColor>
		  	<ambientColor>0.6 0.6 0.6</ambientColor>
			</Geom>

			<!-- upside down t top -->
			<Geom type = 'box'>
			<extents>1 0.15 0.2</extents>
			<translation>0 -0.6 0.2</translation>
			<diffuseColor>1 0 0</diffuseColor>
		  	<ambientColor>0.6 0.6 0.6</ambientColor>
			</Geom>

			<!-- left of upside down t top -->
			<Geom type = 'box'>
			<extents>0.35 0.15 0.2</extents>
			<translation>-1.65 -0.6 0.2</translation>
			<diffuseColor>1 0 0</diffuseColor>
		  	<ambientColor>0.6 0.6 0.6</ambientColor>
			</Geom>

			<!-- below upside down t top -->
			<Geom type = 'box'>
			<extents>0.15 1 0.2</extents>
			<translation>0.85 -1.5 0.2</translation>
			<diffuseColor>1 0 0</diffuseColor>
		  	<ambientColor>0.6 0.6 0.6</ambientColor>
			</Geom>

			<!-- below left of upside down t top -->
			<Geom type = 'box'>
			<extents>0.15 0.35 0.2</extents>
			<translation>-1.85 -1.1 0.2</translation>
			<diffuseColor>1 0 0</diffuseColor>
		  	<ambientColor>0.6 0.6 0.6</ambientColor>
			</Geom>	

			<!-- right of below left of upside down t top -->
			<Geom type = 'box'>
			<extents>1 0.15 0.2</extents>
			<translation>-0.7 -1.3 0.2</translation>
			<diffuseColor>1 0 0</diffuseColor>
		  	<ambientColor>0.6 0.6 0.6</ambientColor>
			</Geom>

			<!-- left of t -->
			<Geom type = 'box'>
			<extents>0.15 0.7 0.2</extents>
			<translation>-0.75 0.65 0.2</translation>
			<diffuseColor>1 0 0</diffuseColor>
		  	<ambientColor>0.6 0.6 0.6</ambientColor>
			</Geom>	

			<!-- left of left of t -->
			<Geom type = 'box'>
			<extents>0.55 0.15 0.2</extents>
			<translation>-1.45 0.1 0.2</translation>
			<diffuseColor>1 0 0</diffuseColor>
		  	<ambientColor>0.6 0.6 0.6</ambientColor>
			</Geom>

			<!-- right of t -->
			<Geom type = 'box'>
			<extents>0.25 0.15 0.2</extents>
			<translation>0.4 0.1 0.2</translation>
			<diffuseColor>1 0 0</diffuseColor>
		  	<ambientColor>0.6 0.6 0.6</ambientColor>
			</Geom>

			<!-- right of right of t -->
			<Geom type = 'box'>
			<extents>0.15 0.7 0.2</extents>
			<translation>0.8 0.65 0.2</translation>
			<diffuseColor>1 0 0</diffuseColor>
		  	<ambientColor>0.6 0.6 0.6</ambientColor>
			</Geom>

			<!-- right of right of right of t -->
			<Geom type = 'box'>
			<extents>0.25 0.15 0.2</extents>
			<translation>1.45 0.1 0.2</translation>
			<diffuseColor>1 0 0</diffuseColor>
		  	<ambientColor>0.6 0.6 0.6</ambientColor>
			</Geom>

			<!-- below right of right of right of t -->
			<Geom type = 'box'>
			<extents>0.15 1 0.2</extents>
			<translation>1.85 -0.75 0.2</translation>
			<diffuseColor>1 0 0</diffuseColor>
		  	<ambientColor>0.6 0.6 0.6</ambientColor>
			</Geom>
		</Body>
	</KinBody>
</Environment>











