<Environment>
	<camtrans>0.980986 -1.233453 2.412977</camtrans>

	<camrotationaxis>-0.946522 -0.231893 0.224324 122.297980</camrotationaxis>
<!--
	<Robot file = 'robots/robot1.xml' name = 'bot'>
		<translation>0 0 -0.30128</translation> 
		<jointvalues>-7 -7 0</jointvalues>
	</Robot>	
-->
	<Robot file = 'robots/robot0.xml' name = 'bot'> </Robot>

	<KinBody name = 'floorwalls'>
		<Body type = 'static'>
			<Translation>0 0 0</Translation>

			<!-- floor and world walls -->
			<Geom type = 'box'>
			<extents>10 10 0.005</extents>
			<translation>0 0 -0.005</translation>
			<diffuseColor>1.75 1.75 1.75</diffuseColor>
		  	<ambientColor>0.6 0.6 0.6</ambientColor>
			</Geom>

			<Geom type = 'box'>
			<extents>10 0.01 0.2</extents>
			<translation>0 -10 0.2</translation>
			<diffuseColor>1.75 1.75 1.75</diffuseColor>
		  	<ambientColor>0.6 0.6 0.6</ambientColor>
			</Geom>

			<Geom type='box'>
			<extents>10 0.01 0.2</extents>
			<translation>0 10 0.2</translation>
			<diffuseColor>1.75 1.75 1.75</diffuseColor>
		  	<ambientColor>0.6 0.6 0.6</ambientColor>
			</Geom>

			<Geom type = 'box'>
			<extents>0.01 10 0.2</extents>
			<translation>10 0 0.2</translation>
			<diffuseColor>1.75 1.75 1.75</diffuseColor>
		  	<ambientColor>0.6 0.6 0.6</ambientColor>
			</Geom>

			<Geom type = 'box'>
			<extents>0.01 10 0.2</extents>
			<translation>-10 0 0.2</translation>
			<diffuseColor>1.75 1.75 1.75</diffuseColor>
		  	<ambientColor>0.6 0.6 0.6</ambientColor>
			</Geom>


			<!-- living and dining room walls -->
			<Geom type = 'box'>
			<extents>3.33 0.15 0.2</extents>
			<translation>-6.67 0 0.2</translation>
			<diffuseColor>1 0 0</diffuseColor>
		  	<ambientColor>0.6 0.6 0.6</ambientColor>
			</Geom>

			<Geom type = 'box'>
			<extents>0.15 1.33 0.2</extents>
			<translation>-3.2 -1.165 0.2</translation>
			<diffuseColor>1 0 0</diffuseColor>
		  	<ambientColor>0.6 0.6 0.6</ambientColor>
			</Geom>

			<Geom type = 'box'>
			<extents>5 0.15 0.2</extents>
			<translation>5 0 0.2</translation>
			<diffuseColor>1 0 0</diffuseColor>
		  	<ambientColor>0.6 0.6 0.6</ambientColor>
			</Geom>

			<!-- kitchen -->
			<Geom type = 'box'>
			<extents>3.33 1 0.2</extents>
			<translation>-6.67 -1 0.2</translation>
			<diffuseColor>1 0 0</diffuseColor>
		  	<ambientColor>0.6 0.6 0.6</ambientColor>
			</Geom>

			<Geom type = 'box'>
			<extents>1 4 0.2</extents>
			<translation>-9 -6 0.2</translation>
			<diffuseColor>1 0 0</diffuseColor>
		  	<ambientColor>0.6 0.6 0.6</ambientColor>
			</Geom>

			<!-- kitchen table -->
			<Geom type='cylinder'>
			<translation>-4 -6.5 0.2</translation>
			<rotationaxis>1 0 0 90</rotationaxis>
			<radius>1.25</radius>
			<height>1</height>
			<diffuseColor>1 0 0</diffuseColor>
		  	<ambientColor>0.6 0.6 0.6</ambientColor>
			</Geom>
			
			<!-- bathroom -->
			<Geom type = 'box'>
			<extents>0.15 0.5 0.2</extents>
			<translation>-5 0.25 0.2</translation>
			<diffuseColor>1 0 0</diffuseColor>
		  	<ambientColor>0.6 0.6 0.6</ambientColor>
			</Geom>

			<Geom type = 'box'>
			<extents>0.15 3.5 0.2</extents>
			<translation>-5 6.5 0.2</translation>
			<diffuseColor>1 0 0</diffuseColor>
		  	<ambientColor>0.6 0.6 0.6</ambientColor>
			</Geom>

			<Geom type = 'box'>
			<extents>0.25 0.15 0.2</extents>
			<translation>-4.6 3.75 0.2</translation>
			<diffuseColor>1 0 0</diffuseColor>
		  	<ambientColor>0.6 0.6 0.6</ambientColor>
			</Geom>

			<!-- bathtub -->
			<Geom type = 'box'>
			<extents>2.5 1 0.2</extents>
			<translation>-7.5 9 0.2</translation>
			<diffuseColor>1 0 0</diffuseColor>
		  	<ambientColor>0.6 0.6 0.6</ambientColor>
			</Geom>

			<!-- sink -->
			<Geom type = 'box'>
			<extents>1 2 0.2</extents>
			<translation>-9 1 0.2</translation>
			<diffuseColor>1 0 0</diffuseColor>
		  	<ambientColor>0.6 0.6 0.6</ambientColor>
			</Geom>

			<!-- toilet -->
			<Geom type = 'box'>
			<extents>0.5 0.75 0.2</extents>
			<translation>-9.5 5.5 0.2</translation>
			<diffuseColor>1 0 0</diffuseColor>
		  	<ambientColor>0.6 0.6 0.6</ambientColor>
			</Geom>

			<Geom type='cylinder'>
			<translation>-8.5 5.5 0.2</translation>
			<rotationaxis>1 0 0 90</rotationaxis>
			<radius>0.5</radius>
			<height>0.5</height>
			<diffuseColor>1 0 0</diffuseColor>
		  	<ambientColor>0.6 0.6 0.6</ambientColor>
			</Geom>

			<!-- walk-in closet -->
			<Geom type = 'box'>
			<extents>0.15 3.2 0.2</extents>
			<translation>-1.5 6.8 0.2</translation>
			<diffuseColor>1 0 0</diffuseColor>
		  	<ambientColor>0.6 0.6 0.6</ambientColor>
			</Geom>

			<Geom type = 'box'>
			<extents>1.25 0.15 0.2</extents>
			<translation>-0.85 3.75 0.2</translation>
			<diffuseColor>1 0 0</diffuseColor>
		  	<ambientColor>0.6 0.6 0.6</ambientColor>
			</Geom>

			<!-- bedroom -->
			<Geom type = 'box'>
			<extents>0.15 1 0.2</extents>
			<translation>0.5 4 0.2</translation>
			<diffuseColor>1 0 0</diffuseColor>
		  	<ambientColor>0.6 0.6 0.6</ambientColor>
			</Geom>

			<Geom type = 'box'>
			<extents>0.15 0.75 0.2</extents>
			<translation>0.5 9.25 0.2</translation>
			<diffuseColor>1 0 0</diffuseColor>
		  	<ambientColor>0.6 0.6 0.6</ambientColor>
			</Geom>

			<Geom type = 'box'>
			<extents>0.15 0.5 0.2</extents>
			<translation>0.5 0.4 0.2</translation>
			<diffuseColor>1 0 0</diffuseColor>
		  	<ambientColor>0.6 0.6 0.6</ambientColor>
			</Geom>
		</Body>
	</KinBody>
</Environment>











