<Environment>
  <camtrans>0.930986 -1.233453 2.412977</camtrans>
  <camrotationaxis>-0.946522 -0.231893 0.224324 122.297980</camrotationaxis>
 
  <Robot file="robots/barrettsegway.robot.xml" name="BarrettWAM">
    <translation>-0.8 0.14 0.01</translation>
    <jointvalues>0.0205585116 0.593383701 -0.114082917 2.03588441 0 0.518159381 3 0.72400001 1.10700002 1.06900002 0</jointvalues>
  </Robot>
 <!--
  <Robot file="robots/robot0.xml" name="BarrettWAM"> 
  </Robot>
-->
  <KinBody name="floorwalls">
    <Body type="static">
      <Translation>0 0 0</Translation>
      <Geom type="box">
        <extents>2.5 2.5 0.005</extents>
        <translation>0 0 -0.005</translation>
        <diffuseColor>1 1 1</diffuseColor>
      	<ambientColor>0.6 0.6 0.6</ambientColor>
      </Geom>
      <Geom type="box">
        <extents>2.5 0.01 1</extents>
        <translation>0 -2.5 1</translation>
        <diffuseColor>.6 .6 .6</diffuseColor>
      	<ambientColor>0.6 0.6 0.6</ambientColor>
      </Geom>
      <Geom type="box">
        <extents>2.5 0.01 1</extents>
        <translation>0 2.5 1</translation>
        <diffuseColor>.6 .6 .6</diffuseColor>
      	<ambientColor>0.6 0.6 0.6</ambientColor>
      </Geom>
      <Geom type="box">
        <extents>0.01 2.5 1</extents>
        <translation>2.5 0 1</translation>
        <diffuseColor>.6 .6 .6</diffuseColor>
      	<ambientColor>0.6 0.6 0.6</ambientColor>
      </Geom>
      <Geom type="box">
        <extents>0.01 2.5 1</extents>
        <translation>-2.5 0 1</translation>
        <diffuseColor>.6 .6 .6</diffuseColor>
      	<ambientColor>0.6 0.6 0.6</ambientColor>
      </Geom>
    </Body>
  </KinBody>
  <KinBody name="pole">
    <translation>-0.312 0.416 1</translation>
    <Body type="static">
      <Geom type="box">
        <extents>0.05 0.05 1</extents>
        <diffuseColor>.64 .64 .64</diffuseColor>
      </Geom>
    </Body>
  </KinBody>
  <KinBody name="pole2">
    <translation>1.3 0.05 1</translation>
    <Body type="static">
      <Geom type="box">
        <extents>0.05 1 1</extents>
        <diffuseColor>.64 .64 .64</diffuseColor>
      </Geom>
    </Body>
  </KinBody>
  <KinBody name="pole3">
    <translation>1.2 -0.9 1</translation>
    <Body type="static">
      <Geom type="box">
        <extents>0.5 0.05 1</extents>
        <diffuseColor>.64 .64 .64</diffuseColor>
      </Geom>
    </Body>
  </KinBody>

  <KinBody name="wall1">
    <Translation>-0.173 -0.247 0</Translation>
    <Body type="static">
      <Geom type="box">
        <Translation>-0.735 -0.80 0.675</Translation>
        <extents>0.07 0.71 0.73</extents>
        <diffuseColor>.64 .64 .64</diffuseColor>
      </Geom>
      <Geom type="box">
        <Translation>-1.235 -0.46 0.7</Translation>
        <extents>0.54 0.35 0.06</extents>
        <diffuseColor>.64 .64 .64</diffuseColor>
      </Geom>
      <Geom type="box">
        <Translation>-1.235 -0.76 0.675</Translation>
        <extents>0.54 0.06 0.71</extents>
        <diffuseColor>.64 .64 .64</diffuseColor>
      </Geom>
    </Body>
  </KinBody>
  
  <KinBody file="data/segway.kinbody.xml">
    <Translation>-0.0671   -0.0819    0.755</Translation>
  </KinBody>
  <KinBody name="mug1" file="data/mug1.kinbody.xml">
    <Translation> -0.0568 -0.2406 0.7550</Translation>
  </KinBody>
  <KinBody name="mug2" file="data/mug1.kinbody.xml">
    <Translation>-0.02   0.15    0.7550</Translation>
  </KinBody>
  <KinBody name="mug3" file="data/mug1.kinbody.xml">
    <Translation>0.0854  -0.0769    0.7550</Translation>
  </KinBody>
  <KinBody name="mug4" file="data/mug1.kinbody.xml">
    <Translation>-0.23   -0.1446    0.7550</Translation>
  </KinBody>
  <KinBody name="mug5" file="data/mug1.kinbody.xml">
    <Translation>-0.1   -0.0151    0.7550</Translation>
  </KinBody>
  <KinBody name="mug6" file="data/mug1.kinbody.xml">
    <Translation>-0.2   0.11    1</Translation>
  </KinBody>

  <KinBody name="dishwasher_table" file="data/table_washer.kinbody.xml">
    <Translation>-0.4966 1.0164 0.7479</Translation>
  </KinBody>
  <KinBody name="table">
    <Translation>-0.4966 1.0164 0.9</Translation>
    <body name="base">
      <geom type="box">
        <translation>0 0.2 0</translation>
        <extents>0.2 0.01 0.01</extents>
      </geom>
      <geom type="box">
        <translation>0 -0.2 0</translation>
        <extents>0.2 0.01 0.01</extents>
      </geom>
    </body>
  </KinBody>
</Environment>
