<Robot>
	<KinBody name='snake'>
		<Body name='body' type='dynamic'>
			<Translation>2 -2 0.06</Translation>

			<Geom type='box'>
				<rotationaxis>1 0 0 90</rotationaxis>
				<extents>0.2 0.05 0.05</extents>
				<diffuseColor>0.45 0.45 0.45</diffuseColor>
			</Geom>
		</Body>

		<Body name='head' type='dynamic'>
			<offsetfrom>body</offsetfrom>
			<Translation>-0.325 0 0</Translation>

			<Geom type='box'>
				<rotationaxis>1 0 0 90</rotationaxis>
				<extents>0.1 0.05 0.05</extents>
				<diffuseColor>0.45 0.45 0.45</diffuseColor>
			</Geom>
		</Body>>
		
		<Joint name="headrot" circular="true" type="hinge"> 
		    <Body>head</Body>
		    <Body>body</Body>
		    <offsetfrom>body</offsetfrom>
		    <axis>0 0 1</axis>
		    <limitsdeg>-25 25</limitsdeg>
	    </Joint>
	</KinBody>
</Robot>
