<Robot>
	<KinBody name='plus'>
		<Body name='body' type='dynamic'>
			<Translation>2 -2 0.06</Translation>

			<Geom type='box'>
				<rotationaxis>1 0 0 90</rotationaxis>
				<extents>0.125 0.04 0.04</extents>
				<diffuseColor>0.45 0.45 0.45</diffuseColor>
			</Geom>
		</Body>>
		<Body name='body2' type='dynamic'>
			<Translation>2 -2 0.06</Translation>

			<Geom type='box'>
				<rotationaxis>0 0 1 90</rotationaxis>
				<extents>0.1 0.04 0.04</extents>
				<diffuseColor>0.45 0.45 0.45</diffuseColor>
			</Geom>
		</Body>
	</KinBody>
</Robot>
