<Robot>
	<KinBody>
		<Body name='basehor' type='dynamic'>
			<Geom type='cylinder'>
				<rotationaxis>1 0 0 90</rotationaxis>
				<radius>0.05</radius>
				<height>0.05</height>
				<diffuseColor>0.45 0.45 0.45</diffuseColor>
			</Geom>
		</Body>

		<Body name='basevert' type='dynamic'>
			<offsetfrom>basehor</offsetfrom>
			<Translation>0 0 0.126</Translation>
			<Geom type='cylinder'>
				<rotationaxis>1 0 0 90</rotationaxis>
				<radius>0.05</radius>
				<height>0.05</height>
				<diffuseColor>0.45 0.45 0.45</diffuseColor>
			</Geom>
		</Body>

		<Body name='baserot' type='dynamic'>
			<offsetfrom>basevert</offsetfrom>
			<Translation>0 0 0.126</Translation>
			<Geom type='cylinder'>
				<rotationaxis>1 0 0 90</rotationaxis>
				<radius>0.05</radius>
				<height>0.05</height>
				<diffuseColor>0.45 0.45 0.45</diffuseColor>
			</Geom>
		</Body>

		<Body name='roomba' type='dynamic'>
			<offsetfrom>baserot</offsetfrom>
			<Translation>0 0 0.5</Translation>
			<Geom type='cylinder'>
				<rotationaxis>1 0 0 90</rotationaxis>
				<radius>0.3</radius>
				<height>0.75</height>
				<diffuseColor>0.45 0.45 0.45</diffuseColor>
			</Geom>
		</Body>

		<Joint name="hor" type="slider"> 
		    <Body>basehor</Body>
		    <Body>basevert</Body>
		    <offsetfrom>basevert</offsetfrom>
		    <axis>1 0 0</axis>
	    </Joint>

        <Joint name="vert" type="slider"> 
		    <Body>basevert</Body>
		    <Body>baserot</Body>
		    <offsetfrom>baserot</offsetfrom>
		    <axis>0 1 0</axis>
	    </Joint>

	    <Joint name="rot" circular="true" type="hinge"> 
		    <Body>baserot</Body>
		    <Body>roomba</Body>
		    <offsetfrom>roomba</offsetfrom>
		    <axis>0 0 1</axis>
		    <limitsdeg>-3.14 3.14</limitsdeg>
	    </Joint>
	</KinBody>
</Robot>
